EventID,"actor_name","attack_enterprise_technique","attack_ics_technique",count,"enterprise_ttp"
"4610|An authentication package has been loaded by the Local Security Authority.|Microsoft-Windows-Security-Auditing
4611|A trusted logon process has been registered with the Local Security Authority.|Microsoft-Windows-Security-Auditing
4614|A notification package has been loaded by the Security Account Manager.|Microsoft-Windows-Security-Auditing
4622|A security package has been loaded by the Local Security Authority.|Microsoft-Windows-Security-Auditing
4624|An account was successfully logged on.|Microsoft-Windows-Security-Auditing
4625|An account failed to log on.|Microsoft-Windows-Security-Auditing
4648|A logon was attempted using explicit credentials.|Microsoft-Windows-Security-Auditing
4673|A privileged service was called.|Microsoft-Windows-Security-Auditing
4674|An operation was attempted on a privileged object.|Microsoft-Windows-Security-Auditing
4703|A token right was adjusted.|Microsoft-Windows-Security-Auditing
4776|The domain controller or local computer attempted to validate the credentials for an account.|Microsoft-Windows-Security-Auditing
4778|A session was reconnected to a Window Station.|Microsoft-Windows-Security-Auditing
4964|Special groups have been assigned to a new logon.|Microsoft-Windows-Security-Auditing","ALLANITE
CHERNOVITE
CHRYSENE
DYMALLOY
ELECTRUM
HEXANE
KAMACITE
KOSTOVITE
PARISITE
RASPITE
STIBNITE
TALONITE
VANADINITE
WASSONITE
XENOTIME","T1078.002 Domain Accounts","T0859 Valid Accounts",15,"T1078.002"
"4610|An authentication package has been loaded by the Local Security Authority.|Microsoft-Windows-Security-Auditing
4611|A trusted logon process has been registered with the Local Security Authority.|Microsoft-Windows-Security-Auditing
4614|A notification package has been loaded by the Security Account Manager.|Microsoft-Windows-Security-Auditing
4622|A security package has been loaded by the Local Security Authority.|Microsoft-Windows-Security-Auditing
4624|An account was successfully logged on.|Microsoft-Windows-Security-Auditing
4625|An account failed to log on.|Microsoft-Windows-Security-Auditing
4648|A logon was attempted using explicit credentials.|Microsoft-Windows-Security-Auditing
4673|A privileged service was called.|Microsoft-Windows-Security-Auditing
4674|An operation was attempted on a privileged object.|Microsoft-Windows-Security-Auditing
4703|A token right was adjusted.|Microsoft-Windows-Security-Auditing
4776|The domain controller or local computer attempted to validate the credentials for an account.|Microsoft-Windows-Security-Auditing
4778|A session was reconnected to a Window Station.|Microsoft-Windows-Security-Auditing
4964|Special groups have been assigned to a new logon.|Microsoft-Windows-Security-Auditing","ALLANITE
CHERNOVITE
CHRYSENE
DYMALLOY
ELECTRUM
HEXANE
KAMACITE
KOSTOVITE
PARISITE
RASPITE
STIBNITE
TALONITE
VANADINITE
WASSONITE
XENOTIME","T1078.003 Local Accounts","T0859 Valid Accounts",15,"T1078.003"
"1|Process Creation.|sysmon
30|EventID(30)|Microsoft-Windows-LDAP-Client/Debug
4103|Module logging.|powershell
4104|Script Block Logging.|powershell
4688|A new process has been created.|Microsoft-Windows-Security-Auditing
5|Process terminated.|sysmon
7|Image loaded.|sysmon
8|CreateRemoteThread.|sysmon","CHERNOVITE
CHRYSENE
COVELLITE
DYMALLOY
HEXANE
KAMACITE
MAGNALLIUM
PARISITE
XENOTIME","T1059.001 PowerShell","T0853 Scripting",9,"T1059.001"
"1|Process Creation.|sysmon
4103|Module logging.|powershell
4104|Script Block Logging.|powershell
4688|A new process has been created.|Microsoft-Windows-Security-Auditing
7|Image loaded.|sysmon
8|CreateRemoteThread.|sysmon","CHERNOVITE
CHRYSENE
COVELLITE
DYMALLOY
HEXANE
KAMACITE
MAGNALLIUM
PARISITE
XENOTIME","T1059.005 Visual Basic","T0853 Scripting",9,"T1059.005"
"1|Process Creation.|sysmon
4103|Module logging.|powershell
4688|A new process has been created.|Microsoft-Windows-Security-Auditing
8|CreateRemoteThread.|sysmon","CHERNOVITE
CHRYSENE
COVELLITE
DYMALLOY
HEXANE
KAMACITE
MAGNALLIUM
PARISITE
XENOTIME","T1059.006 Python","T0853 Scripting",9,"T1059.006"
"1|Process Creation.|sysmon
4103|Module logging.|powershell
4104|Script Block Logging.|powershell
4688|A new process has been created.|Microsoft-Windows-Security-Auditing
7|Image loaded.|sysmon
8|CreateRemoteThread.|sysmon","CHERNOVITE
CHRYSENE
COVELLITE
DYMALLOY
HEXANE
KAMACITE
MAGNALLIUM
PARISITE
XENOTIME","T1059.007 JavaScript","T0853 Scripting",9,"T1059.007"
"11|FileCreate.|sysmon
11|FileCreate|sysmon
4663|An attempt was made to access an object.|Microsoft-Windows-Security-Auditing","ALLANITE
COVELLITE
DYMALLOY
HEXANE
MAGNALLIUM
PETROVITE
STIBNITE
TALONITE","T1566.001 Phishing: Spearphishing Attachment","T0865 Spearphishing Attachment",8,"T1566.001"
"1|Process Creation.|sysmon
4103|Module logging.|powershell
4688|A new process has been created.|Microsoft-Windows-Security-Auditing
8|CreateRemoteThread.|sysmon","CHERNOVITE
ELECTRUM
KAMACITE
KOSTOVITE
XENOTIME","T1059.003 Windows Command Shell","T0807 Command-Line Interface",5,"T1059.003"
"1|Process Creation.|sysmon","CHERNOVITE
ELECTRUM
KAMACITE
KOSTOVITE
XENOTIME","T1059.004 Unix Shell","T0807 Command-Line Interface",5,"T1059.004"
"4610|An authentication package has been loaded by the Local Security Authority.|Microsoft-Windows-Security-Auditing
4611|A trusted logon process has been registered with the Local Security Authority.|Microsoft-Windows-Security-Auditing
4614|A notification package has been loaded by the Security Account Manager.|Microsoft-Windows-Security-Auditing
4622|A security package has been loaded by the Local Security Authority.|Microsoft-Windows-Security-Auditing
4673|A privileged service was called.|Microsoft-Windows-Security-Auditing
4674|An operation was attempted on a privileged object.|Microsoft-Windows-Security-Auditing
4703|A token right was adjusted.|Microsoft-Windows-Security-Auditing","ELECTRUM
KAMACITE
KOSTOVITE
PARISITE
VANADINITE","T1133 External Remote Services","T0822 External Remote Services",5,T1133
"1|Process Creation.|sysmon
3|Network connection.|sysmon
4103|Module logging.|powershell
4656|A handle to an object was requested.|Microsoft-Windows-Security-Auditing
4661|A handle to an object was requested.|Microsoft-Windows-Security-Auditing
4663|An attempt was made to access an object.|Microsoft-Windows-Security-Auditing
4688|A new process has been created.|Microsoft-Windows-Security-Auditing
5031|The Windows Firewall Service blocked an application from accepting incoming connections on the network.|Microsoft-Windows-Security-Auditing
5154|The Windows Filtering Platform has permitted an application or service to listen on a port for incoming connections.|Microsoft-Windows-Security-Auditing
5155|The Windows Filtering Platform has blocked an application or service from listening on a port for incoming connections.|Microsoft-Windows-Security-Auditing
5156|The Windows Filtering Platform has permitted a connection.|Microsoft-Windows-Security-Auditing
5157|The Windows Filtering Platform has blocked a connection.|Microsoft-Windows-Security-Auditing
5158|The Windows Filtering Platform has permitted a bind to a local port.|Microsoft-Windows-Security-Auditing
5159|The Windows Filtering Platform has blocked a bind to a local port.|Microsoft-Windows-Security-Auditing
8|CreateRemoteThread.|sysmon","ALLANITE
CHERNOVITE
ELECTRUM
KAMACITE
PETROVITE","T1018 Remote System Discovery","T0846 Remote System Discovery",5,T1018
"1|Process Creation.|sysmon
4103|Module logging.|powershell
4688|A new process has been created.|Microsoft-Windows-Security-Auditing
8|CreateRemoteThread.|sysmon","ALLANITE
DYMALLOY
ELECTRUM
PETROVITE
TALONITE","T1113 Screen Capture","T0852 Screen Capture",5,T1113
"11|FileCreate.|sysmon
11|FileCreate|sysmon
1|Process Creation.|sysmon
3|Network connection.|sysmon
4663|An attempt was made to access an object.|Microsoft-Windows-Security-Auditing
4688|A new process has been created.|Microsoft-Windows-Security-Auditing
5031|The Windows Firewall Service blocked an application from accepting incoming connections on the network.|Microsoft-Windows-Security-Auditing
5154|The Windows Filtering Platform has permitted an application or service to listen on a port for incoming connections.|Microsoft-Windows-Security-Auditing
5155|The Windows Filtering Platform has blocked an application or service from listening on a port for incoming connections.|Microsoft-Windows-Security-Auditing
5156|The Windows Filtering Platform has permitted a connection.|Microsoft-Windows-Security-Auditing
5157|The Windows Filtering Platform has blocked a connection.|Microsoft-Windows-Security-Auditing
5158|The Windows Filtering Platform has permitted a bind to a local port.|Microsoft-Windows-Security-Auditing
5159|The Windows Filtering Platform has blocked a bind to a local port.|Microsoft-Windows-Security-Auditing
8|CreateRemoteThread.|sysmon","DYMALLOY
ERYTHRITE
KOSTOVITE
STIBNITE","T1189 Drive-by Compromise","T0817 Drive-by Compromise",4,T1189
"1100|The event logging service has shut down.|Microsoft-Windows-Eventlog
1101|Audit events have been dropped by the transport.|Microsoft-Windows-Eventlog
1102|The audit log was cleared.|Microsoft-Windows-Eventlog
1104|The security Log is now full.|Microsoft-Windows-Eventlog
4616|The system time was changed.|Microsoft-Windows-Security-Auditing
4|Sysmon service state changed.|sysmon
6005|The Event log service was started.|Eventlog / System
6006|The Event log service was stopped.|Eventlog / System","ALLANITE
DYMALLOY
HEXANE
RASPITE","T1195 Supply Chain Compromise","T0862 Supply Chain Compromise",4,T1195
"11|FileCreate.|sysmon
11|FileCreate|sysmon
1|Process Creation.|sysmon
3|Network connection.|sysmon
4103|Module logging.|powershell
4663|An attempt was made to access an object.|Microsoft-Windows-Security-Auditing
4688|A new process has been created.|Microsoft-Windows-Security-Auditing
5031|The Windows Firewall Service blocked an application from accepting incoming connections on the network.|Microsoft-Windows-Security-Auditing
5154|The Windows Filtering Platform has permitted an application or service to listen on a port for incoming connections.|Microsoft-Windows-Security-Auditing
5155|The Windows Filtering Platform has blocked an application or service from listening on a port for incoming connections.|Microsoft-Windows-Security-Auditing
5156|The Windows Filtering Platform has permitted a connection.|Microsoft-Windows-Security-Auditing
5157|The Windows Filtering Platform has blocked a connection.|Microsoft-Windows-Security-Auditing
5158|The Windows Filtering Platform has permitted a bind to a local port.|Microsoft-Windows-Security-Auditing
5159|The Windows Filtering Platform has blocked a bind to a local port.|Microsoft-Windows-Security-Auditing
8|CreateRemoteThread.|sysmon","ALLANITE
CHERNOVITE
ELECTRUM
HEXANE","T1204 User Execution","T0863 User Execution",4,T1204
"3|Network connection.|sysmon
5031|The Windows Firewall Service blocked an application from accepting incoming connections on the network.|Microsoft-Windows-Security-Auditing
5154|The Windows Filtering Platform has permitted an application or service to listen on a port for incoming connections.|Microsoft-Windows-Security-Auditing
5155|The Windows Filtering Platform has blocked an application or service from listening on a port for incoming connections.|Microsoft-Windows-Security-Auditing
5156|The Windows Filtering Platform has permitted a connection.|Microsoft-Windows-Security-Auditing
5157|The Windows Filtering Platform has blocked a connection.|Microsoft-Windows-Security-Auditing
5158|The Windows Filtering Platform has permitted a bind to a local port.|Microsoft-Windows-Security-Auditing
5159|The Windows Filtering Platform has blocked a bind to a local port.|Microsoft-Windows-Security-Auditing","CHERNOVITE
KAMACITE
KOSTOVITE
TALONITE","T1090 Proxy","T0884 Connection Proxy",4,T1090
"3|Network connection.|sysmon
5031|The Windows Firewall Service blocked an application from accepting incoming connections on the network.|Microsoft-Windows-Security-Auditing
5154|The Windows Filtering Platform has permitted an application or service to listen on a port for incoming connections.|Microsoft-Windows-Security-Auditing
5155|The Windows Filtering Platform has blocked an application or service from listening on a port for incoming connections.|Microsoft-Windows-Security-Auditing
5156|The Windows Filtering Platform has permitted a connection.|Microsoft-Windows-Security-Auditing
5157|The Windows Filtering Platform has blocked a connection.|Microsoft-Windows-Security-Auditing
5158|The Windows Filtering Platform has permitted a bind to a local port.|Microsoft-Windows-Security-Auditing
5159|The Windows Filtering Platform has blocked a bind to a local port.|Microsoft-Windows-Security-Auditing","ALLANITE
CHERNOVITE
DYMALLOY
KAMACITE","T1102 Web Service","T0885 Commonly Used Port",4,T1102
"1100|The event logging service has shut down.|Microsoft-Windows-Eventlog
1101|Audit events have been dropped by the transport.|Microsoft-Windows-Eventlog
1102|The audit log was cleared.|Microsoft-Windows-Eventlog
1104|The security Log is now full.|Microsoft-Windows-Eventlog
4616|The system time was changed.|Microsoft-Windows-Security-Auditing
4|Sysmon service state changed.|sysmon
6005|The Event log service was started.|Eventlog / System
6006|The Event log service was stopped.|Eventlog / System","ALLANITE
CHERNOVITE
ELECTRUM","T1499 Endpoint Denial of Service","T0814 Denial of Service",3,T1499
"4717|System security access was granted to an account.|Microsoft-Windows-Security-Auditing
4718|System security access was removed from an account.|Microsoft-Windows-Security-Auditing
4719|System audit policy was changed.|Microsoft-Windows-Security-Auditing
4722|A user account was enabled.|Microsoft-Windows-Security-Auditing
4723|An attempt was made to change an account's password.|Microsoft-Windows-Security-Auditing
4724|An attempt was made to reset an account's password.|Microsoft-Windows-Security-Auditing
4725|A user account was disabled.|Microsoft-Windows-Security-Auditing
4726|A user account was deleted.|Microsoft-Windows-Security-Auditing
4738|A user account was changed.|Microsoft-Windows-Security-Auditing
4740|A user account was locked out.|Microsoft-Windows-Security-Auditing
4742|A computer account was changed.|Microsoft-Windows-Security-Auditing
4743|A computer account was deleted.|Microsoft-Windows-Security-Auditing
4767|A user account was unlocked.|Microsoft-Windows-Security-Auditing
4781|The name of an account was changed.|Microsoft-Windows-Security-Auditing
5136|A directory service object was modified.|Microsoft-Windows-Security-Auditing
5139|A directory service object was moved.|Microsoft-Windows-Security-Auditing","CHERNOVITE
ELECTRUM
XENOTIME","T1531 Account Access Removal","T0827 Loss of Control",3,T1531
"11|FileCreate.|sysmon
1|Process Creation.|sysmon
23|File Delete archived.|sysmon
26|File Delete logged.|sysmon
2|A process changed a file creation time.|sysmon
4103|Module logging.|powershell
4660|An object was deleted.|Microsoft-Windows-Security-Auditing
4663|An attempt was made to access an object.|Microsoft-Windows-Security-Auditing
4670|Permissions on an object were changed.|Microsoft-Windows-Security-Auditing
4688|A new process has been created.|Microsoft-Windows-Security-Auditing
8|CreateRemoteThread.|sysmon","CHERNOVITE
ELECTRUM
XENOTIME","T1485 Data Destruction","T0827 Loss of Control",3,T1485
"11|FileCreate.|sysmon
11|FileCreate|sysmon
1|Process Creation.|sysmon
2|A process changed a file creation time.|sysmon
4103|Module logging.|powershell
4663|An attempt was made to access an object.|Microsoft-Windows-Security-Auditing
4670|Permissions on an object were changed.|Microsoft-Windows-Security-Auditing
4688|A new process has been created.|Microsoft-Windows-Security-Auditing
8|CreateRemoteThread.|sysmon","CHERNOVITE
ELECTRUM
XENOTIME","T1486 Data Encrypted for Impact","T0827 Loss of Control",3,T1486
"11|FileCreate.|sysmon
11|FileCreate|sysmon
23|File Delete archived.|sysmon
26|File Delete logged.|sysmon
2|A process changed a file creation time.|sysmon
4660|An object was deleted.|Microsoft-Windows-Security-Auditing
4663|An attempt was made to access an object.|Microsoft-Windows-Security-Auditing
4670|Permissions on an object were changed.|Microsoft-Windows-Security-Auditing
8|CreateRemoteThread.|sysmon","CHERNOVITE
ELECTRUM
XENOTIME","T1565 Data Manipulation","T0827 Loss of Control",3,T1565
"1|Process Creation.|sysmon
4103|Module logging.|powershell
4688|A new process has been created.|Microsoft-Windows-Security-Auditing
6419|A request was made to disable a device.|Microsoft-Windows-Security-Auditing
6420|A device was disabled.|Microsoft-Windows-Security-Auditing
6421|A request was made to enable a device.|Microsoft-Windows-Security-Auditing
6422|A device was enabled.|Microsoft-Windows-Security-Auditing
6|Driver loaded.|sysmon
8|CreateRemoteThread.|sysmon","CHERNOVITE
ELECTRUM
XENOTIME","T1561 Disk Wipe","T0827 Loss of Control",3,T1561
"11|FileCreate.|sysmon
13|RegistryEvent (Value Set).|sysmon
14|RegistryEvent (Key and Value Rename).|sysmon
1|Process Creation.|sysmon
2|A process changed a file creation time.|sysmon
4103|Module logging.|powershell
4657|A registry value was modified.|Microsoft-Windows-Security-Auditing
4670|Permissions on an object were changed.|Microsoft-Windows-Security-Auditing
4688|A new process has been created.|Microsoft-Windows-Security-Auditing
4689|A process has exited.|Microsoft-Windows-Security-Auditing
4|Sysmon service state changed.|sysmon
5|Process terminated.|sysmon
6005|The Event log service was started.|Eventlog / System
6006|The Event log service was stopped.|Eventlog / System
8|CreateRemoteThread.|sysmon","CHERNOVITE
ELECTRUM
XENOTIME","T1489 Service Stop","T0827 Loss of Control",3,T1489
"11|FileCreate.|sysmon
1|Process Creation.|sysmon
2|A process changed a file creation time.|sysmon
30|EventID(30)|Microsoft-Windows-LDAP-Client/Debug
4103|Module logging.|powershell
4670|Permissions on an object were changed.|Microsoft-Windows-Security-Auditing
4688|A new process has been created.|Microsoft-Windows-Security-Auditing
4697|A service was installed in the system.|Microsoft-Windows-Security-Auditing
4700|A scheduled task was enabled.|Microsoft-Windows-Security-Auditing
4701|A scheduled task was disabled.|Microsoft-Windows-Security-Auditing
4702|A scheduled task was updated.|Microsoft-Windows-Security-Auditing
4|Sysmon service state changed.|sysmon
5|Process terminated.|sysmon
6005|The Event log service was started.|Eventlog / System
6006|The Event log service was stopped.|Eventlog / System
7045|A new service was installed in the system.|Service Control Manager / System","ERYTHRITE
PETROVITE
XENOTIME","T1036 Masquerading","T0849 Masquerading",3,T1036
"1|Process Creation.|sysmon
4103|Module logging.|powershell
4104|Script Block Logging.|powershell
4656|A handle to an object was requested.|Microsoft-Windows-Security-Auditing
4661|A handle to an object was requested.|Microsoft-Windows-Security-Auditing
4663|An attempt was made to access an object.|Microsoft-Windows-Security-Auditing
4688|A new process has been created.|Microsoft-Windows-Security-Auditing","ALLANITE
ELECTRUM","T1119 Automated Collection","T0802 Automated Collection",2,T1119
"4624|An account was successfully logged on.|Microsoft-Windows-Security-Auditing
4625|An account failed to log on.|Microsoft-Windows-Security-Auditing
4648|A logon was attempted using explicit credentials.|Microsoft-Windows-Security-Auditing
4776|The domain controller or local computer attempted to validate the credentials for an account.|Microsoft-Windows-Security-Auditing
4778|A session was reconnected to a Window Station.|Microsoft-Windows-Security-Auditing
4964|Special groups have been assigned to a new logon.|Microsoft-Windows-Security-Auditing","CHERNOVITE
ELECTRUM","T1078.001 Valid Accounts: Default Accounts","T0812 Default Credentials",2,"T1078.001"
"4717|System security access was granted to an account.|Microsoft-Windows-Security-Auditing
4718|System security access was removed from an account.|Microsoft-Windows-Security-Auditing
4719|System audit policy was changed.|Microsoft-Windows-Security-Auditing
4722|A user account was enabled.|Microsoft-Windows-Security-Auditing
4723|An attempt was made to change an account's password.|Microsoft-Windows-Security-Auditing
4724|An attempt was made to reset an account's password.|Microsoft-Windows-Security-Auditing
4725|A user account was disabled.|Microsoft-Windows-Security-Auditing
4726|A user account was deleted.|Microsoft-Windows-Security-Auditing
4738|A user account was changed.|Microsoft-Windows-Security-Auditing
4740|A user account was locked out.|Microsoft-Windows-Security-Auditing
4742|A computer account was changed.|Microsoft-Windows-Security-Auditing
4743|A computer account was deleted.|Microsoft-Windows-Security-Auditing
4767|A user account was unlocked.|Microsoft-Windows-Security-Auditing
4781|The name of an account was changed.|Microsoft-Windows-Security-Auditing
5136|A directory service object was modified.|Microsoft-Windows-Security-Auditing
5139|A directory service object was moved.|Microsoft-Windows-Security-Auditing","CHERNOVITE
ELECTRUM","T1531 Account Access Removal","T0815 Denial of View",2,T1531
"11|FileCreate.|sysmon
1|Process Creation.|sysmon
23|File Delete archived.|sysmon
26|File Delete logged.|sysmon
2|A process changed a file creation time.|sysmon
4103|Module logging.|powershell
4660|An object was deleted.|Microsoft-Windows-Security-Auditing
4663|An attempt was made to access an object.|Microsoft-Windows-Security-Auditing
4670|Permissions on an object were changed.|Microsoft-Windows-Security-Auditing
4688|A new process has been created.|Microsoft-Windows-Security-Auditing
8|CreateRemoteThread.|sysmon","CHERNOVITE
ELECTRUM","T1485 Data Destruction","T0815 Denial of View",2,T1485
"11|FileCreate.|sysmon
11|FileCreate|sysmon
1|Process Creation.|sysmon
2|A process changed a file creation time.|sysmon
4103|Module logging.|powershell
4663|An attempt was made to access an object.|Microsoft-Windows-Security-Auditing
4670|Permissions on an object were changed.|Microsoft-Windows-Security-Auditing
4688|A new process has been created.|Microsoft-Windows-Security-Auditing
8|CreateRemoteThread.|sysmon","CHERNOVITE
ELECTRUM","T1486 Data Encrypted for Impact","T0815 Denial of View",2,T1486
"11|FileCreate.|sysmon
11|FileCreate|sysmon
23|File Delete archived.|sysmon
26|File Delete logged.|sysmon
2|A process changed a file creation time.|sysmon
4660|An object was deleted.|Microsoft-Windows-Security-Auditing
4663|An attempt was made to access an object.|Microsoft-Windows-Security-Auditing
4670|Permissions on an object were changed.|Microsoft-Windows-Security-Auditing
8|CreateRemoteThread.|sysmon","CHERNOVITE
ELECTRUM","T1565 Data Manipulation","T0815 Denial of View",2,T1565
"1|Process Creation.|sysmon
4103|Module logging.|powershell
4688|A new process has been created.|Microsoft-Windows-Security-Auditing
6419|A request was made to disable a device.|Microsoft-Windows-Security-Auditing
6420|A device was disabled.|Microsoft-Windows-Security-Auditing
6421|A request was made to enable a device.|Microsoft-Windows-Security-Auditing
6422|A device was enabled.|Microsoft-Windows-Security-Auditing
6|Driver loaded.|sysmon
8|CreateRemoteThread.|sysmon","CHERNOVITE
ELECTRUM","T1561 Disk Wipe","T0815 Denial of View",2,T1561
"11|FileCreate.|sysmon
13|RegistryEvent (Value Set).|sysmon
14|RegistryEvent (Key and Value Rename).|sysmon
1|Process Creation.|sysmon
2|A process changed a file creation time.|sysmon
4103|Module logging.|powershell
4657|A registry value was modified.|Microsoft-Windows-Security-Auditing
4670|Permissions on an object were changed.|Microsoft-Windows-Security-Auditing
4688|A new process has been created.|Microsoft-Windows-Security-Auditing
4689|A process has exited.|Microsoft-Windows-Security-Auditing
4|Sysmon service state changed.|sysmon
5|Process terminated.|sysmon
6005|The Event log service was started.|Eventlog / System
6006|The Event log service was stopped.|Eventlog / System
8|CreateRemoteThread.|sysmon","CHERNOVITE
ELECTRUM","T1489 Service Stop","T0815 Denial of View",2,T1489
"1100|The event logging service has shut down.|Microsoft-Windows-Eventlog
1101|Audit events have been dropped by the transport.|Microsoft-Windows-Eventlog
1102|The audit log was cleared.|Microsoft-Windows-Eventlog
1104|The security Log is now full.|Microsoft-Windows-Eventlog
1|Process Creation.|sysmon
4103|Module logging.|powershell
4616|The system time was changed.|Microsoft-Windows-Security-Auditing
4688|A new process has been created.|Microsoft-Windows-Security-Auditing
4|Sysmon service state changed.|sysmon
6005|The Event log service was started.|Eventlog / System
6006|The Event log service was stopped.|Eventlog / System
8|CreateRemoteThread.|sysmon","CHERNOVITE
ELECTRUM","T1529 System Shutdown/Reboot","T0816 Device Restart/Shutdown",2,T1529
"1|Process Creation.|sysmon
4103|Module logging.|powershell
4688|A new process has been created.|Microsoft-Windows-Security-Auditing
8|CreateRemoteThread.|sysmon","KAMACITE
KOSTOVITE","T1049 System Network Connections Discovery","T0840 Network Connection Enumeration",2,T1049
"11|FileCreate.|sysmon
2|A process changed a file creation time.|sysmon
4670|Permissions on an object were changed.|Microsoft-Windows-Security-Auditing
6419|A request was made to disable a device.|Microsoft-Windows-Security-Auditing
6420|A device was disabled.|Microsoft-Windows-Security-Auditing
6421|A request was made to enable a device.|Microsoft-Windows-Security-Auditing
6422|A device was enabled.|Microsoft-Windows-Security-Auditing","CHERNOVITE
XENOTIME","T1014 Rootkit","T0851 Rootkit",2,T1014
"4717|System security access was granted to an account.|Microsoft-Windows-Security-Auditing
4718|System security access was removed from an account.|Microsoft-Windows-Security-Auditing
4719|System audit policy was changed.|Microsoft-Windows-Security-Auditing
4722|A user account was enabled.|Microsoft-Windows-Security-Auditing
4723|An attempt was made to change an account's password.|Microsoft-Windows-Security-Auditing
4724|An attempt was made to reset an account's password.|Microsoft-Windows-Security-Auditing
4725|A user account was disabled.|Microsoft-Windows-Security-Auditing
4726|A user account was deleted.|Microsoft-Windows-Security-Auditing
4738|A user account was changed.|Microsoft-Windows-Security-Auditing
4740|A user account was locked out.|Microsoft-Windows-Security-Auditing
4742|A computer account was changed.|Microsoft-Windows-Security-Auditing
4743|A computer account was deleted.|Microsoft-Windows-Security-Auditing
4767|A user account was unlocked.|Microsoft-Windows-Security-Auditing
4781|The name of an account was changed.|Microsoft-Windows-Security-Auditing
5136|A directory service object was modified.|Microsoft-Windows-Security-Auditing
5139|A directory service object was moved.|Microsoft-Windows-Security-Auditing",ELECTRUM,"T1531 Account Access Removal","T0809 Data Destruction",1,T1531
"11|FileCreate.|sysmon
1|Process Creation.|sysmon
23|File Delete archived.|sysmon
26|File Delete logged.|sysmon
2|A process changed a file creation time.|sysmon
4103|Module logging.|powershell
4660|An object was deleted.|Microsoft-Windows-Security-Auditing
4663|An attempt was made to access an object.|Microsoft-Windows-Security-Auditing
4670|Permissions on an object were changed.|Microsoft-Windows-Security-Auditing
4688|A new process has been created.|Microsoft-Windows-Security-Auditing
8|CreateRemoteThread.|sysmon",ELECTRUM,"T1485 Data Destruction","T0809 Data Destruction",1,T1485
"11|FileCreate.|sysmon
11|FileCreate|sysmon
1|Process Creation.|sysmon
2|A process changed a file creation time.|sysmon
4103|Module logging.|powershell
4663|An attempt was made to access an object.|Microsoft-Windows-Security-Auditing
4670|Permissions on an object were changed.|Microsoft-Windows-Security-Auditing
4688|A new process has been created.|Microsoft-Windows-Security-Auditing
8|CreateRemoteThread.|sysmon",ELECTRUM,"T1486 Data Encrypted for Impact","T0809 Data Destruction",1,T1486
"11|FileCreate.|sysmon
11|FileCreate|sysmon
23|File Delete archived.|sysmon
26|File Delete logged.|sysmon
2|A process changed a file creation time.|sysmon
4660|An object was deleted.|Microsoft-Windows-Security-Auditing
4663|An attempt was made to access an object.|Microsoft-Windows-Security-Auditing
4670|Permissions on an object were changed.|Microsoft-Windows-Security-Auditing
8|CreateRemoteThread.|sysmon",ELECTRUM,"T1565 Data Manipulation","T0809 Data Destruction",1,T1565
"1|Process Creation.|sysmon
4103|Module logging.|powershell
4688|A new process has been created.|Microsoft-Windows-Security-Auditing
6419|A request was made to disable a device.|Microsoft-Windows-Security-Auditing
6420|A device was disabled.|Microsoft-Windows-Security-Auditing
6421|A request was made to enable a device.|Microsoft-Windows-Security-Auditing
6422|A device was enabled.|Microsoft-Windows-Security-Auditing
6|Driver loaded.|sysmon
8|CreateRemoteThread.|sysmon",ELECTRUM,"T1561 Disk Wipe","T0809 Data Destruction",1,T1561
"11|FileCreate.|sysmon
13|RegistryEvent (Value Set).|sysmon
14|RegistryEvent (Key and Value Rename).|sysmon
1|Process Creation.|sysmon
2|A process changed a file creation time.|sysmon
4103|Module logging.|powershell
4657|A registry value was modified.|Microsoft-Windows-Security-Auditing
4670|Permissions on an object were changed.|Microsoft-Windows-Security-Auditing
4688|A new process has been created.|Microsoft-Windows-Security-Auditing
4689|A process has exited.|Microsoft-Windows-Security-Auditing
4|Sysmon service state changed.|sysmon
5|Process terminated.|sysmon
6005|The Event log service was started.|Eventlog / System
6006|The Event log service was stopped.|Eventlog / System
8|CreateRemoteThread.|sysmon",ELECTRUM,"T1489 Service Stop","T0809 Data Destruction",1,T1489
"1|Process Creation.|sysmon
3|Network connection.|sysmon
4624|An account was successfully logged on.|Microsoft-Windows-Security-Auditing
4688|A new process has been created.|Microsoft-Windows-Security-Auditing
4778|A session was reconnected to a Window Station.|Microsoft-Windows-Security-Auditing
4964|Special groups have been assigned to a new logon.|Microsoft-Windows-Security-Auditing
5031|The Windows Firewall Service blocked an application from accepting incoming connections on the network.|Microsoft-Windows-Security-Auditing
5154|The Windows Filtering Platform has permitted an application or service to listen on a port for incoming connections.|Microsoft-Windows-Security-Auditing
5155|The Windows Filtering Platform has blocked an application or service from listening on a port for incoming connections.|Microsoft-Windows-Security-Auditing
5156|The Windows Filtering Platform has permitted a connection.|Microsoft-Windows-Security-Auditing
5157|The Windows Filtering Platform has blocked a connection.|Microsoft-Windows-Security-Auditing
5158|The Windows Filtering Platform has permitted a bind to a local port.|Microsoft-Windows-Security-Auditing
5159|The Windows Filtering Platform has blocked a bind to a local port.|Microsoft-Windows-Security-Auditing
8|CreateRemoteThread.|sysmon",ELECTRUM,"T1021.005 Remote Services: VNC","T0823 Graphical User Interface",1,"T1021.005"
"1|Process Creation.|sysmon
3|Network connection.|sysmon
4688|A new process has been created.|Microsoft-Windows-Security-Auditing
5031|The Windows Firewall Service blocked an application from accepting incoming connections on the network.|Microsoft-Windows-Security-Auditing
5154|The Windows Filtering Platform has permitted an application or service to listen on a port for incoming connections.|Microsoft-Windows-Security-Auditing
5155|The Windows Filtering Platform has blocked an application or service from listening on a port for incoming connections.|Microsoft-Windows-Security-Auditing
5156|The Windows Filtering Platform has permitted a connection.|Microsoft-Windows-Security-Auditing
5157|The Windows Filtering Platform has blocked a connection.|Microsoft-Windows-Security-Auditing
5158|The Windows Filtering Platform has permitted a bind to a local port.|Microsoft-Windows-Security-Auditing
5159|The Windows Filtering Platform has blocked a bind to a local port.|Microsoft-Windows-Security-Auditing
8|CreateRemoteThread.|sysmon",ELECTRUM,"T1219 Remote Access Software","T0823 Graphical User Interface",1,T1219
"13|RegistryEvent (Value Set).|sysmon
14|RegistryEvent (Key and Value Rename).|sysmon
4657|A registry value was modified.|Microsoft-Windows-Security-Auditing
4670|Permissions on an object were changed.|Microsoft-Windows-Security-Auditing
4697|A service was installed in the system.|Microsoft-Windows-Security-Auditing
7045|A new service was installed in the system.|Service Control Manager / System",HEXANE,"T1557 Adversary-in-the-Middle","T0830 Man in the Middle",1,T1557
"1|Process Creation.|sysmon
4103|Module logging.|powershell
4688|A new process has been created.|Microsoft-Windows-Security-Auditing
8|CreateRemoteThread.|sysmon",CHERNOVITE,"T1040 Network Sniffing","T0842 Network Sniffing",1,T1040
"11|FileCreate.|sysmon
11|FileCreate|sysmon
17|PipeEvent (Pipe Created).|sysmon
18|PipeEvent (Pipe Connected).|sysmon
1|Process Creation.|sysmon
4103|Module logging.|powershell
4656|A handle to an object was requested.|Microsoft-Windows-Security-Auditing
4663|An attempt was made to access an object.|Microsoft-Windows-Security-Auditing
4688|A new process has been created.|Microsoft-Windows-Security-Auditing
5140|A network share object was accessed.|Microsoft-Windows-Security-Auditing
5145|A network share object was checked to see whether client can be granted desired access.|Microsoft-Windows-Security-Auditing
8|CreateRemoteThread.|sysmon",CHERNOVITE,"T1570 Lateral Tool Transfer","T0867 Lateral Tool Transfer",1,T1570
"7|Image loaded.|sysmon
8|CreateRemoteThread.|sysmon",CHERNOVITE,"T1106 Native API","T0871 Execution through API",1,T1106
"11|FileCreate.|sysmon
12|RegistryEvent (Object create and delete).|sysmon
13|RegistryEvent (Value Set).|sysmon
14|RegistryEvent (Key and Value Rename).|sysmon
1|Process Creation.|sysmon
23|File Delete archived.|sysmon
26|File Delete logged.|sysmon
2|A process changed a file creation time.|sysmon
4103|Module logging.|powershell
4624|An account was successfully logged on.|Microsoft-Windows-Security-Auditing
4625|An account failed to log on.|Microsoft-Windows-Security-Auditing
4648|A logon was attempted using explicit credentials.|Microsoft-Windows-Security-Auditing
4657|A registry value was modified.|Microsoft-Windows-Security-Auditing
4660|An object was deleted.|Microsoft-Windows-Security-Auditing
4663|An attempt was made to access an object.|Microsoft-Windows-Security-Auditing
4670|Permissions on an object were changed.|Microsoft-Windows-Security-Auditing
4688|A new process has been created.|Microsoft-Windows-Security-Auditing
4776|The domain controller or local computer attempted to validate the credentials for an account.|Microsoft-Windows-Security-Auditing
8|CreateRemoteThread.|sysmon",COVELLITE,"T1070 Indicator Removal on Host","T0872 Indicator Removal on Host",1,T1070
"4610|An authentication package has been loaded by the Local Security Authority.|Microsoft-Windows-Security-Auditing
4611|A trusted logon process has been registered with the Local Security Authority.|Microsoft-Windows-Security-Auditing
4614|A notification package has been loaded by the Security Account Manager.|Microsoft-Windows-Security-Auditing
4622|A security package has been loaded by the Local Security Authority.|Microsoft-Windows-Security-Auditing
4673|A privileged service was called.|Microsoft-Windows-Security-Auditing
4674|An operation was attempted on a privileged object.|Microsoft-Windows-Security-Auditing
4703|A token right was adjusted.|Microsoft-Windows-Security-Auditing",PARISITE,"T1133 External Remote Services","T0883 Internet Accessible Device",1,T1133
"4610|An authentication package has been loaded by the Local Security Authority.|Microsoft-Windows-Security-Auditing
4611|A trusted logon process has been registered with the Local Security Authority.|Microsoft-Windows-Security-Auditing
4614|A notification package has been loaded by the Security Account Manager.|Microsoft-Windows-Security-Auditing
4622|A security package has been loaded by the Local Security Authority.|Microsoft-Windows-Security-Auditing
4673|A privileged service was called.|Microsoft-Windows-Security-Auditing
4674|An operation was attempted on a privileged object.|Microsoft-Windows-Security-Auditing
4703|A token right was adjusted.|Microsoft-Windows-Security-Auditing",CHERNOVITE,"T1133 External Remote Services","T0886 Remote Services",1,T1133
"6|Driver loaded.|sysmon",CHERNOVITE,"T1068 Exploitation for Privilege Escalation","T0890 Exploitation for Privilege Escalation",1,T1068
